test_id,p_value
0,0.06926344097402282
1,0.20683916148142745
2,0.6211731410697428
3,0.02142574240887052
4,0.5123741042019813
5,0.769544539798181
6,0.1258748348189952
7,0.4069006830086611
8,0.21435969340406402
9,0.7221520631075445
10,0.2213212628111355
11,0.7185791015152405
12,0.6241600908148968
13,0.07431027962214432
14,0.030371197585579934
15,0.2810350713304628
16,0.845255985131346
17,0.8089823924665269
18,0.5383224999346775
19,0.8195642534877485
20,0.9518871298154337
21,0.030439568230680468
22,0.8570485569621904
23,0.03542224297417838
24,0.14069665707729007
25,0.14544080278619897
26,0.5533990831555217
27,0.05389186062145235
28,0.18703278361280962
29,0.938079034295746
30,0.655382805951392
31,0.28905543196054073
32,0.9078378763780828
33,0.5384658837392798
34,0.46207965379632565
35,0.8215675812754353
36,0.35907980652406324
37,0.6841139487161061
38,0.7434941361447366
39,0.8108918594630931
40,0.18636183757435687
41,0.5056645893654674
42,0.22709601970851245
43,0.5060934914309154
44,0.0035922487866398758
45,0.08577712500786405
46,0.668866376496344
47,0.023323156959570324
48,0.43528303312135497
49,0.4208110324905239
50,0.30467041584491705
51,0.7087042656624423
52,0.7028938895792606
53,0.5507942845322749
54,0.26988887529210226
55,0.20118186912460878
56,0.2952547362369763
57,0.683014351834975
58,0.04775615041474279
59,0.06483514879466523
60,0.005299380113015792
61,0.03900067658008774
62,0.14225444709879154
63,0.3094698643208529
64,0.9215201381736134
65,0.50602905019136
66,0.0024519097685361357
67,0.09823445401980935
68,0.010592742383073728
69,0.6679150331715654
70,0.006522239300874695
71,0.732065432695104
72,0.9988958438376596
73,0.8222849362132126
74,0.22144389065815495
75,0.7119296954305835
76,0.6480052385235467
77,0.36030042609943236
78,0.011905879927208192
79,0.18421338549024957
80,0.8998738514821741
81,0.9040015613023279
82,0.9907033332462079
83,0.4128935062115944
84,0.810849369311265
85,0.08283255013233948
86,0.012182564333661952
87,0.2884126118942286
88,0.6482023201027438
89,0.1504022252368351
90,0.5877116202502393
91,0.7585860752216981
92,0.7501484234273287
93,0.9315698306252207
94,0.8120936618576161
95,0.005090961772985394
96,0.7747255836608354
97,0.4878912641317349
98,0.6769259992935968
99,0.8793740960095128
